1.60946E+12,736.42,749,714.29,728.91,675114.0933,1.60955E+12,496072043.8,483671,338988.5316,249240373.9,0
1.60955E+12,728.91,787.69,714.91,774.56,1352618.577,1.60963E+12,1024472183,824134,686674.7334,519915827,0
1.60963E+12,774.44,1011.07,768.71,978.28,2813603.886,1.60972E+12,2522411860,1636501,1439027.799,1290266276,0
1.60972E+12,978.33,1162.97,890,1041.43,4245010.94,1.6098E+12,4303634203,2477862,2126337.672,2157639019,0
1.6098E+12,1041.45,1134.6,974.45,1099.56,2706995.675,1.60989E+12,2857050280,1960503,1337641.028,1412551453,0
1.60989E+12,1100.16,1213,1057.26,1208.42,2390136.593,1.60998E+12,2725262121,1600888,1227955.889,1401239481,0
1.60998E+12,1208.75,1289,1131,1224.87,1972922.821,1.61006E+12,2406219891,1402699,974726.9752,1189746026,0
1.61006E+12,1224.86,1273.75,1065,1216.93,2131172.923,1.61015E+12,2543427453,1718817,1042889.105,1246619297,0
1.61015E+12,1216.72,1304.37,1171.36,1276,1448871.115,1.61024E+12,1780137376,1131871,746369.6968,918333130.8,0
1.61024E+12,1276,1348.33,1170,1254.25,1951179.35,1.61032E+12,2517791852,1437486,979792.3054,1266203575,0
1.61032E+12,1254.24,1260,915,1087.01,4068784.657,1.61041E+12,4290593990,2557613,1966216.198,2073558270,0
1.61041E+12,1087,1150.02,1006.33,1050.16,2302645.341,1.6105E+12,2491067093,1516625,1149858.005,1244662146,0
1.6105E+12,1050.36,1137.65,987.48,1129.89,1564202.391,1.61058E+12,1664178969,1123983,792814.8057,844656818.2,0
1.61058E+12,1129.79,1247.55,1086.7,1231.62,1555737.386,1.61067E+12,1825860914,1255769,794405.9644,932454704.1,0
1.61067E+12,1231.89,1256.98,1069.42,1168.53,1944038.837,1.61076E+12,2302781119,1519266,966118.7328,1145518024,0
1.61076E+12,1168.48,1298,1151.77,1227.83,1575384.438,1.61084E+12,1927453175,1252473,804431.168,984555467.1,0
1.61084E+12,1227.83,1269.02,1165,1232.45,1317285.006,1.61093E+12,1606424364,1121278,665250.5045,811881943.5,0
1.61093E+12,1232.5,1260.75,1182.58,1258.45,998050.1107,1.61101E+12,1223628041,940604,499759.24,613148505.6,0
1.61101E+12,1258.52,1438.3,1251.49,1365.36,2278852.558,1.6111E+12,3120980924,1840481,1158029.403,1585793804,0
1.6111E+12,1365.36,1407.93,1235.42,1376.99,2219137.621,1.61119E+12,2931656296,1852253,1103381.088,1459031150,0
1.61119E+12,1376.72,1390,1086,1110.96,2254164.804,1.61127E+12,2787012515,1823458,1088341.968,1346852630,0
1.61127E+12,1111.98,1273.79,1042.31,1232.62,2020593.217,1.61136E+12,2360267831,1652010,1036188.859,1212076603,0
1.61136E+12,1232.61,1272.44,1195.9,1233.6,1009545.083,1.61145E+12,1250575692,932871,505750.897,626781286.6,0
1.61145E+12,1233.46,1398.83,1220,1392.51,1510879.538,1.61153E+12,1996765628,1313986,790374.5092,1045052389,0
1.61153E+12,1392.19,1475,1293.69,1317.88,1885441.313,1.61162E+12,2644267237,1661512,943347.2583,1324815914,0
1.61162E+12,1317.6,1378.49,1244.56,1365.97,1682923.658,1.61171E+12,2216751668,1423178,856659.3014,1128968368,0
1.61171E+12,1366.54,1373.9,1207,1239.03,2009772.084,1.61179E+12,2554649901,1737296,997748.2457,1268777717,0
1.61179E+12,1238.93,1360,1217.23,1329.69,1365269.72,1.61188E+12,1790490878,1275024,702526.2392,922191761.4,0
1.61188E+12,1329.44,1436.9,1285.35,1379.5,2253963.187,1.61196E+12,3077996801,1714076,1126572.384,1539947796,0
1.61196E+12,1379.56,1406,1326.41,1378.05,1040042.236,1.61205E+12,1414231403,1013174,508185.4627,691043001,0
1.61205E+12,1378.04,1380.74,1281.12,1312.55,958704.8557,1.61214E+12,1276842260,828176,448756.5613,597602925.8,0
1.61214E+12,1312.45,1377.99,1269.99,1374.17,1096397.919,1.61222E+12,1449463767,915584,550007.3726,727808340.7,0
1.61222E+12,1374.09,1547.9,1360.28,1511.87,1944227.999,1.61231E+12,2821617332,1614541,986022.0918,1431300798,0
1.61231E+12,1511.93,1669.35,1508.39,1664.49,1535869.888,1.6124E+12,2418887042,1384979,793334.972,1249029451,0
1.6124E+12,1664.67,1695.2,1554.44,1595.67,1646502.33,1.61248E+12,2693099602,1507993,825236.6483,1350478681,0
1.61248E+12,1595.53,1760.49,1591,1719.19,1194123.299,1.61257E+12,2011685911,1326415,600948.6376,1012301493,0
1.61257E+12,1718.95,1743.67,1642.94,1676.35,1149808.331,1.61266E+12,1940057858,1152167,565703.5255,954941828.4,0
1.61266E+12,1676.35,1693,1490.46,1611.62,1281734.868,1.61274E+12,2044371589,1263737,618789.6975,987284129.7,0
1.61274E+12,1611.46,1775.57,1563.89,1750.15,1339777.095,1.61283E+12,2255426926,1372788,677614.2951,1141288385,0
1.61283E+12,1749.68,1821.88,1708.49,1769.13,1185071.896,1.61292E+12,2080818892,1173421,593423.3687,1042666171,0
1.61292E+12,1769.14,1837.86,1680,1740.78,1219932.255,1.613E+12,2149076144,1279140,605462.9182,1067949001,0
1.613E+12,1740.76,1819,1703.44,1785.62,735079.827,1.61309E+12,1301681872,935602,367056.1412,650153645.4,0
1.61309E+12,1785.83,1864.88,1739.88,1840.26,909600.2065,1.61317E+12,1635426868,996495,460779.8371,829217927.3,0
1.61317E+12,1840.24,1871.72,1765,1814.96,767589.0729,1.61326E+12,1395594093,853189,372008.2514,676531918.5,0
1.61326E+12,1815.25,1850,1784.11,1800.42,675261.7787,1.61335E+12,1230043295,714827,334005.3334,608556979.1,0
1.61335E+12,1800.03,1835.72,1655.67,1779.25,1053474.579,1.61343E+12,1860338372,1086589,511771.3727,904087834.8,0
1.61343E+12,1779.33,1827.28,1724,1781.99,817493.4751,1.61352E+12,1455884892,826125,389395.787,693804838.7,0
1.61352E+12,1781.99,1855,1733.01,1849.88,795711.6331,1.61361E+12,1437546813,862461,412387.4502,745568293.8,0
1.61361E+12,1849.7,1950.5,1849.69,1939.61,937227.1019,1.61369E+12,1787383532,1053661,493607.0255,941541216.8,0
1.61369E+12,1938.91,1972.82,1891,1955,793404.4115,1.61378E+12,1533991632,988320,388954.8528,752267904.2,0
1.61378E+12,1955.46,2042.34,1803.14,1913,1261315.813,1.61387E+12,2493836246,1329067,624716.4241,1236782122,0
1.61387E+12,1912.9,1976.31,1883.01,1933.53,756568.1974,1.61395E+12,1467970937,895138,386132.2666,749271580.6,0
1.61395E+12,1933.54,1936.29,1551,1777.58,1807244.981,1.61404E+12,3200483177,1799926,854014.6295,1513747908,0
1.61404E+12,1777.42,1782.39,1355,1577.89,2547837.821,1.61412E+12,3931407908,2396626,1231889.463,1903489088,0
1.61412E+12,1577.79,1712.7,1500.2,1623.39,1384388.817,1.61421E+12,2261264845,1319936,705887.815,1153792817,0
1.61421E+12,1623.16,1671.59,1459.16,1481.75,1032670.794,1.6143E+12,1650582277,1110019,501173.6513,802212265.5,0
1.6143E+12,1482.08,1562.25,1400,1444.59,1355973.294,1.61438E+12,2004016547,1298739,662906.9396,979857228.4,0
1.61438E+12,1444.56,1529,1425,1458.13,927423.0475,1.61447E+12,1375946816,954919,452205.9913,671100313.8,0
1.61447E+12,1458.27,1468.75,1293.18,1419.18,1410207.563,1.61456E+12,1929140047,1190546,704060.3441,963537938.1,0
1.61456E+12,1418.67,1572,1409.91,1569.86,1094695.178,1.61464E+12,1642627276,989006,568597.0449,853434777.4,0
1.61464E+12,1570,1602.9,1455.52,1486.78,1061142.387,1.61473E+12,1627312283,966176,508683.5566,781051077.7,0
1.61473E+12,1486.79,1656.94,1475.47,1567.69,1054846.315,1.61482E+12,1676300215,1237215,534919.1916,850213871.7,0
1.61482E+12,1567.68,1624.87,1506.36,1539.23,946365.6709,1.6149E+12,1476463518,1125118,468540.0047,731257773.7,0
1.6149E+12,1539.22,1548.96,1441.66,1528.31,910786.2898,1.61499E+12,1355798089,1000913,451258.0125,672042056.2,0
1.61499E+12,1528.08,1671.58,1513.03,1650.35,1013300.939,1.61508E+12,1611851702,1188531,536167.1809,853820036.1,0
1.61508E+12,1650.68,1734.16,1630.35,1726.16,848470.7814,1.61516E+12,1414988218,1166072,432388.6592,721395027.2,0
1.61516E+12,1726.46,1843.59,1664.96,1833.18,1149711.4,1.61525E+12,1995142129,1407402,602217.9107,1046045707,0
1.61525E+12,1833.22,1870.77,1798.2,1870.51,857229.4786,1.61533E+12,1570286249,1196670,414078.0933,758575748.4,0
1.61533E+12,1870.5,1877.69,1757,1795.12,937230.6283,1.61542E+12,1706230875,1098051,451348.3302,821707575.7,0
1.61542E+12,1795.28,1846.7,1725,1825.78,909011.4961,1.61551E+12,1627027458,1023958,443744.9911,794476087.9,0
1.61551E+12,1825.78,1841.88,1719.72,1766.1,869564.6361,1.61559E+12,1542873062,1126153,426161.7788,756268155.3,0
1.61559E+12,1766.13,1944.3,1727.75,1922.35,926283.2264,1.61568E+12,1718553132,1265904,471925.0482,875441534,0
1.61568E+12,1922.35,1933.1,1836,1848.1,637963.6363,1.61577E+12,1200354206,963564,301776.2295,567878404.2,0
1.61577E+12,1848.1,1891.76,1730,1793.48,1025326.797,1.61585E+12,1842608873,1496415,511041.3381,918123974.6,0
1.61585E+12,1793.99,1819.5,1711.68,1805.12,764993.4015,1.61594E+12,1360127230,987906,388327.72,690760061.5,0
1.61594E+12,1805.01,1838.88,1741.18,1823.58,658349.4484,1.61603E+12,1177718487,872416,337373.9254,603533782.4,0
1.61603E+12,1823.58,1850,1759.04,1776.08,603721.6106,1.61611E+12,1092346827,783517,284617.8236,514992961.4,0
1.61611E+12,1775.92,1840.61,1733.47,1809.1,500258.4288,1.6162E+12,901801564.2,703977,250974.4905,452606834.8,0
1.6162E+12,1809.01,1868.83,1800.86,1806.1,451556.1064,1.61628E+12,828404987.7,743672,230001.0473,421947140.6,0
1.61628E+12,1806.57,1817.16,1747,1782.98,465953.9875,1.61637E+12,830951276.5,748800,227170.1635,405242308.7,0
1.61637E+12,1783.23,1807.51,1655.15,1680.97,582727.4908,1.61646E+12,1019780399,879976,284682.997,498556293.3,0
1.61646E+12,1681.17,1721.17,1650,1668.08,577213.9959,1.61654E+12,975522491.1,654415,286791.6184,484836342,0
1.61654E+12,1668.2,1740.86,1536.92,1581.84,753834.5239,1.61663E+12,1251031751,994542,360806.9917,599730061.1,0
1.61663E+12,1581.88,1622,1549.4,1585.74,701697.0026,1.61672E+12,1115502880,778215,357916.0254,569176818.7,0
1.61672E+12,1585.83,1699.93,1585.79,1698.84,515470.9291,1.6168E+12,844707873.9,650812,265021.0976,434412049.5,0
1.6168E+12,1698.84,1732.67,1666.41,1712.63,443845.4996,1.61689E+12,753555521.6,516929,223163.53,378944599.8,0
1.61689E+12,1712.52,1725.66,1661.4,1687.01,348895.5131,1.61698E+12,592836644.6,512231,169502.2444,288084679.3,0
1.61698E+12,1687.16,1841,1677.85,1816.74,647724.4639,1.61706E+12,1148231089,846836,342048.8415,606329959.1,0
1.61706E+12,1816.76,1859.13,1786.3,1840.46,568842.0053,1.61715E+12,1039262033,856093,283746.674,518558427.2,0
1.61715E+12,1840.41,1947.29,1768.15,1919.37,746995.8591,1.61724E+12,1387448330,1040362,377271.8868,700970286.1,0
1.61724E+12,1919.37,1984.77,1885.02,1968.05,741585.0727,1.61732E+12,1438751531,994836,371883.7209,721736727.4,0
1.61732E+12,1968.05,2146,1948.48,2133.69,846197.9322,1.61741E+12,1719752063,1218698,436010.0938,886653805.1,0
1.61741E+12,2133.69,2138.12,1996.3,2008.52,770176.3219,1.61749E+12,1601516391,1107620,363187.4301,755374910.2,0
1.61749E+12,2008.59,2091.83,1975.24,2075.69,514345.7655,1.61758E+12,1050448906,818926,263875.563,538795778.1,0
1.61758E+12,2075.7,2130.64,2002.15,2107.38,684923.6149,1.61767E+12,1419084946,947978,343642.6,712219066.9,0
1.61767E+12,2107.43,2151,2044.65,2112.21,673386.0558,1.61775E+12,1420490813,1106761,332812.2575,702230157.8,0
1.61775E+12,2112.22,2129.01,1930.01,1963.47,892984.9042,1.61784E+12,1798606574,1229155,437902.8835,882121983.6,0
1.61784E+12,1963.46,2084.61,1947.35,2080.46,501355.998,1.61793E+12,1015796231,911403,250910.5773,508200399.3,0
1.61793E+12,2080.39,2100,2047.57,2066.87,426387.4379,1.61801E+12,885134116,645172,205375.7845,426445139.9,0
1.61801E+12,2067.19,2200,2058,2133.49,655458.2089,1.6181E+12,1405364882,1175161,330628.5439,708994754.5,0
1.6181E+12,2133.49,2165.02,2113.4,2151.36,392265.5077,1.61819E+12,839653140.9,830771,197850.9214,423496403.4,0
1.61819E+12,2151.42,2203.46,2102,2137.69,579093.3569,1.61827E+12,1244982957,914567,286715.0075,616499175.9,0
1.61827E+12,2137.86,2318,2135.53,2299.19,782608.6209,1.61836E+12,1745821661,1288668,399098.2072,890600412.5,0
1.61836E+12,2299.19,2447.29,2281.33,2432.6,972931.6087,1.61844E+12,2294753431,1554097,495400.5019,1168618279,0
1.61844E+12,2432.59,2543.47,2400,2514.04,681950.9665,1.61853E+12,1680063464,1462768,355972.402,877438758,0
1.61853E+12,2514.04,2548.29,2300,2422.67,999163.7521,1.61862E+12,2418566593,1679215,486268.8079,1177128974,0
1.61862E+12,2422.38,2495,2310,2317.6,624232.2557,1.6187E+12,1504895145,1242299,306700.1493,739461805.3,0
1.6187E+12,2317.65,2340,1946.8,2235.64,1475383.692,1.61879E+12,3190809323,2113566,722180.3949,1562761986,0
1.61879E+12,2235.65,2300,2080,2161.12,820592.2656,1.61888E+12,1800575928,1411498,405251.5408,889798938.7,0
1.61888E+12,2161.12,2346.62,2055,2330.03,992240.809,1.61896E+12,2181209665,1478664,500443.4926,1100996923,0
1.61896E+12,2330.26,2469.54,2235.16,2357.06,1177885.862,1.61905E+12,2771995884,1905822,587138.2891,1381898509,0
1.61905E+12,2357.06,2644.47,2303.44,2397.94,2220753.097,1.61914E+12,5508778906,3110597,1124195.467,2790172133,0
1.61914E+12,2397.94,2442.89,2107,2367.39,2532242.442,1.61922E+12,5719925452,2790382,1244539.895,2812376010,0
1.61922E+12,2367.39,2368.74,2154.8,2213.35,997688.9462,1.61931E+12,2246912953,1275474,494456.7906,1113625193,0
1.61931E+12,2214.08,2356.64,2168,2320.49,857517.3822,1.6194E+12,1948978895,1307545,431554.8457,981153774,0
1.6194E+12,2320.44,2542.8,2303.64,2532.6,1076469.014,1.61948E+12,2652330345,1852607,547426.1513,1348633237,0
1.61948E+12,2532.06,2680,2480.29,2666.13,771728.4645,1.61957E+12,1995139024,1255607,404885.923,1047010127,0
1.61957E+12,2666.13,2760,2559.44,2748.24,999383.1852,1.61965E+12,2673547154,1587100,497704.7228,1332642243,0
1.61965E+12,2748.23,2798,2668,2757.04,863890.0107,1.61974E+12,2366133509,1379738,428965.612,1175245479,0
1.61974E+12,2757.04,2798.3,2723.09,2772.42,695339.2048,1.61983E+12,1917297701,1382521,348038.7627,959914846.7,0
1.61983E+12,2772.42,2954.28,2743.41,2944.77,690260.0774,1.61991E+12,1979833188,1437394,363427.7275,1042474173,0
1.61991E+12,2944.83,2985,2852.26,2949.56,571982.5445,1.62E+12,1672310882,1132280,294479.8689,861215743.6,0
1.62E+12,2949.33,3454,2949.32,3431.04,1329088.063,1.62009E+12,4243786480,2502746,689402.6155,2199717718,0
1.62009E+12,3431.04,3527,3160,3239.01,1826039.386,1.62017E+12,6103102521,3634236,913493.5177,3054026100,0
1.62017E+12,3239.01,3549.34,3200.23,3524.26,1174816.736,1.62026E+12,3955994777,2224441,581159.2414,1957116424,0
1.62026E+12,3524.33,3605.4,3376.47,3489.73,920592.5771,1.62035E+12,3213427395,1703109,457348.2634,1596792939,0
1.62035E+12,3489.74,3587,3353.23,3479.53,760544.6478,1.62043E+12,2641740668,1382532,373468.64,1297499899,0
1.62043E+12,3479.79,3958.33,3449.27,3910.26,1130467.549,1.62052E+12,4170897764,2146967,576465.8159,2128434949,0
1.62052E+12,3910.26,3983.65,3726.08,3923.95,1000401.008,1.6206E+12,3885039043,2289303,501191.9846,1946904544,0
1.6206E+12,3923.95,4208,3650,3945.88,1505897.926,1.62069E+12,6079977785,3033133,745235.1714,3010349054,0
1.62069E+12,3946.63,4180.22,3771.64,4173.45,1095927.104,1.62078E+12,4350260232,2290977,546195.6706,2169036982,0
1.62078E+12,4173.46,4372.72,3701.58,3823.21,1601842.74,1.62086E+12,6673102684,3188941,781569.6878,3259590092,0
1.62086E+12,3810.15,4034.77,3500,3717.91,2068708.174,1.62095E+12,7846531159,3943562,1019129.42,3869202429,0
1.62095E+12,3717.92,4173.28,3691.35,4075.01,1153390.426,1.62104E+12,4569415542,2227244,589306.0313,2332631768,0
1.62104E+12,4075.02,4134.05,3632,3646.68,1039174.881,1.62112E+12,4030586493,2055345,498020.6678,1932010797,0
1.62112E+12,3646.24,3879,3343.06,3582.1,1324065.659,1.62121E+12,4788918304,2532983,633005.2504,2292116233,0
1.62121E+12,3581.81,3587.06,3102,3282.51,1904012.44,1.6213E+12,6401071581,2885352,933732.3607,3143594982,0
1.6213E+12,3282.25,3565.71,3240,3375.07,1287110.841,1.62138E+12,4392873872,2143887,648040.2108,2211619487,0
1.62138E+12,3375.08,3441.73,1888,2438.92,4309836.319,1.62147E+12,11641524167,5548968,2090952.358,5659752852,0
1.62147E+12,2438.92,2990.05,2155,2768.62,2942777.93,1.62156E+12,7750201899,4243052,1465674.263,3868330693,0
1.62156E+12,2767.87,2938.54,2101,2430.98,2727031.935,1.62164E+12,6898701129,3676164,1340165.228,3393349822,0
1.62164E+12,2430.98,2485,2145,2294.87,1684318.012,1.62173E+12,3934313840,2484734,822180.4699,1920309768,0
1.62173E+12,2295.45,2381.57,1728.74,2096.39,2914548.731,1.62181E+12,5907260140,3761018,1410830.442,2862585215,0
1.62181E+12,2096.63,2675,2079.94,2648.43,2186632.922,1.6219E+12,5180244967,3299296,1103328.427,2619744996,0
1.6219E+12,2647.92,2750,2378.54,2705.11,2115349.504,1.62199E+12,5442737549,2976859,1050034.534,2703460213,0
1.62199E+12,2705.1,2910,2643,2884.94,1583799.593,1.62207E+12,4416389129,2726537,786524.1159,2193352742,0
1.62207E+12,2884.82,2889.74,2633.68,2742.23,1099029.912,1.62216E+12,3033719144,1732113,540641.2324,1493018237,0
1.62216E+12,2742.23,2762.45,2327.38,2412.1,1554584.614,1.62225E+12,3934662309,2184249,763125.8639,1931909199,0
1.62225E+12,2412.34,2574.27,2204.1,2278.74,1379427.189,1.62233E+12,3288804155,1887733,681047.4854,1625990816,0
1.62233E+12,2278.74,2476.42,2180.53,2385.98,1151113.199,1.62242E+12,2726606139,1519005,577190.7766,1368058965,0
1.62242E+12,2385.82,2720,2271.44,2706.15,1307958.041,1.62251E+12,3277131772,1849177,661801.726,1660383325,0
1.62251E+12,2706.15,2740,2523.74,2634.57,1179577.108,1.62259E+12,3081355011,1790186,575201.6694,1503196036,0
1.62259E+12,2634.31,2802.99,2550,2706.22,970070.5356,1.62268E+12,2616566302,1349232,481481.7217,1299176997,0
1.62268E+12,2706.21,2891.95,2662.4,2857.25,1024290.894,1.62276E+12,2874856613,1620340,500895.1202,1405843557,0
1.62276E+12,2857.25,2860,2552,2689.51,1188314.112,1.62285E+12,3175186750,1775946,580744.6731,1551953930,0
1.62285E+12,2689.54,2816.87,2552.23,2627.73,961824.1241,1.62294E+12,2575726370,1670498,485392.7037,1300138730,0
1.62294E+12,2627.63,2745,2614,2711.92,673792.6937,1.62302E+12,1814112038,1336460,330313.6498,889529103.2,0
1.62302E+12,2711.92,2847.55,2570,2592.05,1152128.079,1.62311E+12,3149245177,1926275,577620.9462,1579210256,0
1.62311E+12,2592.05,2620.99,2304.91,2507.23,1693747.428,1.6232E+12,4201646663,2128256,825822.2474,2049450577,0
1.6232E+12,2507.43,2626.63,2405.28,2610.18,1276718.24,1.62328E+12,3223323188,1763686,628336.1493,1586470729,0
1.62328E+12,2610.2,2624.46,2425.11,2471.09,741237.4993,1.62337E+12,1874571746,978237,363431.819,918906133.9,0
1.62337E+12,2471.01,2497.99,2321.37,2354.01,587364.2736,1.62346E+12,1424975262,885172,283123.2104,687294444,0
1.62346E+12,2354.09,2454.53,2256.22,2370.74,767439.4984,1.62354E+12,1807036944,1127302,387478.696,912817435.8,0
1.62354E+12,2370.64,2548.41,2308.41,2509.33,715948.7599,1.62363E+12,1724097564,1217504,362663.1126,873887342.4,0
1.62363E+12,2509.33,2609.17,2461,2580.77,684183.5562,1.62372E+12,1730260219,1118498,344642.0078,871859785.4,0
1.62372E+12,2580.58,2640,2507.7,2543.54,599826.6493,1.6238E+12,1548303436,1044834,296745.7672,766423377.4,0
1.6238E+12,2543.55,2556.19,2351.18,2367.89,624741.7836,1.62389E+12,1533734359,896073,284039.9226,698017754.4,0
1.62389E+12,2368.02,2460.5,2306,2373.28,560667.5857,1.62397E+12,1338389545,961448,270180.8351,645226707.8,0
1.62397E+12,2373.28,2378,2139,2234.09,778905.202,1.62406E+12,1758827533,1067542,371196.2658,838571112.2,0
1.62406E+12,2234.09,2278.82,2161.67,2164.67,496872.25,1.62415E+12,1104923869,763820,247263.4649,550102564.6,0
1.62415E+12,2165.34,2280.01,2040.68,2243.47,743883.6474,1.62423E+12,1599009751,1035537,372014.6116,800346451.9,0
1.62423E+12,2243.49,2260.16,1865.54,1885.49,1629819.666,1.62432E+12,3252129522,2014010,790387.7009,1576559908,0
1.62432E+12,1885.27,1998,1700.48,1879.28,1695338.081,1.62441E+12,3158928001,1856357,836934.4483,1561415491,0
1.62441E+12,1879.29,2045,1821.95,1968.14,918612.3049,1.62449E+12,1817518229,1141790,462271.1982,914984412.7,0
1.62449E+12,1967.95,2036.61,1884.79,1989.52,701231.6748,1.62458E+12,1377799766,833337,344155.4166,676304789.2,0
1.62458E+12,1989.53,2019.99,1791.22,1808.82,858808.5477,1.62467E+12,1612556879,1041338,408120.6805,766594867.4,0
1.62467E+12,1808.97,1852.8,1717.32,1829.64,832315.149,1.62475E+12,1478550577,923226,407180.6697,723391264.7,0
1.62475E+12,1829.84,1984.5,1804.26,1982.28,696055.7931,1.62484E+12,1299521992,1091206,354611.5342,662881681.8,0
1.62484E+12,1982.27,2145,1960.52,2084.41,1044244.683,1.62492E+12,2138998048,1657087,541464.0254,1109375131,0
1.62492E+12,2084.42,2245,2073.57,2165.33,831257.2328,1.62501E+12,1804733070,1536044,421410.2757,915112793.6,0
1.62501E+12,2165.46,2287.78,2087.99,2275.68,910583.6032,1.6251E+12,1973676681,1464112,455834.9405,988252389.9,0
1.6251E+12,2275.68,2275.93,2073.12,2106.41,787865.2514,1.62518E+12,1688043308,1414518,384175.3754,822709363.9,0
1.62518E+12,2106.41,2160,2018.5,2154.13,672282.3748,1.62527E+12,1397269246,862561,337006.2817,700715966.1,0
1.62527E+12,2153.95,2240,2112.01,2226.99,569264.801,1.62536E+12,1248888441,922576,295114.6214,647377288.8,0
1.62536E+12,2226.99,2389.93,2189.58,2322.69,590656.2507,1.62544E+12,1365904900,1204553,301461.3617,697045137.9,0
1.62544E+12,2322.69,2324.64,2157.32,2196.53,781806.3161,1.62553E+12,1753862827,1264204,376068.6485,843863080,0
1.62553E+12,2196.85,2350,2193,2322.5,785330.1715,1.62562E+12,1803108194,1326163,394638.4505,905951763.5,0
1.62562E+12,2322.51,2409,2291.9,2316.57,666501.3557,1.6257E+12,1570553095,1113578,341514.3424,804702677.3,0
1.6257E+12,2316.25,2325.6,2084.79,2116.33,880265.0412,1.62579E+12,1926184139,1234614,430334.0226,941278322.1,0
1.62579E+12,2116.32,2189.4,2046.51,2146.99,738611.363,1.62588E+12,1568646237,867603,376374.9264,799855032.1,0
1.62588E+12,2146.99,2194.82,2074.16,2110.69,499071.859,1.62596E+12,1058023795,646476,244207.3754,517802339.2,0
1.62596E+12,2110.68,2174,2081.02,2140.45,342294.403,1.62605E+12,727911535.3,479138,175830.7514,374053442,0
1.62605E+12,2140.54,2167.83,2006.68,2031.58,540630.1074,1.62613E+12,1126108847,725803,259649.613,541195461.2,0
1.62613E+12,2031.57,2047.35,1918,1940.15,647388.2497,1.62622E+12,1287490852,902810,316356.5622,629467223.6,0
1.62622E+12,1940.44,2019.18,1865,1994.58,690505.6094,1.62631E+12,1342931974,936438,340257.8567,661765917.4,0
1.62631E+12,1994.41,2042.88,1881,1919.51,645271.3256,1.62639E+12,1251834410,865033,327273.4848,635240853.7,0
1.62639E+12,1919.54,1965,1850,1876.26,577068.8972,1.62648E+12,1097832472,721120,281955.4653,536656638.7,0
1.62648E+12,1876.47,1919.19,1844.45,1899.59,430300.5158,1.62657E+12,810628641.3,576008,216291.0754,407705129.4,0
1.62657E+12,1899.5,1993.79,1877.1,1891.64,534837.6365,1.62665E+12,1038104998,768528,265665.5566,515762272.1,0
1.62665E+12,1891.65,1919,1805,1818.73,547419.9377,1.62674E+12,1011627399,641063,251885.9887,465870373.9,0
1.62674E+12,1818.73,1841.34,1706,1786.03,786257.272,1.62683E+12,1386498470,943640,361612.0128,638066651.1,0
1.62683E+12,1786.03,2035.23,1747.55,1995.5,1115949.82,1.62691E+12,2138345814,1304423,572242.6773,1096535844,0
1.62691E+12,1995.5,2046,1947.62,2024.56,768854.3659,1.627E+12,1536669129,1074800,380631.6308,760682755,0
1.627E+12,2024.27,2130.9,1993.22,2124.25,708160.9132,1.62708E+12,1455496732,1035643,369453.1405,759725736.6,0
1.62708E+12,2124.26,2199.5,2105.58,2184.75,633075.1859,1.62717E+12,1360667032,1056670,325598.8388,699891567.8,0
1.62717E+12,2184.9,2197.41,2105.93,2189.79,535630.27,1.62726E+12,1154562328,941623,264032.0107,569308146.4,0
1.62726E+12,2189.82,2433.65,2171.57,2228.08,1393738.163,1.62734E+12,3222622416,2252910,700749.7255,1620304810,0
1.62734E+12,2227.81,2319.26,2150.5,2299.49,906359.2348,1.62743E+12,2025582065,1502763,453060.9884,1012813193,0
1.62743E+12,2299.47,2345,2243.15,2300.9,718202.5773,1.62752E+12,1649860557,1287050,354056.4082,813646516.8,0
1.62752E+12,2300.9,2400,2266.12,2382.92,499364.835,1.6276E+12,1157988359,1036449,256551.9072,595101393.8,0
1.6276E+12,2382.93,2471.7,2315.92,2461.81,762577.288,1.62769E+12,1824191452,1428312,392130.0611,938693364.9,0
1.62769E+12,2461.77,2553.86,2420.68,2531.05,507601.0503,1.62778E+12,1253810139,1007386,260698.6782,644275659.9,0
1.62778E+12,2531.1,2697.61,2511.24,2555.69,853495.9408,1.62786E+12,2217485597,1810440,424598.2647,1103204692,0
1.62786E+12,2555.5,2666,2507,2606.93,726701.8495,1.62795E+12,1887684672,1596914,349146.5384,907116380.7,0
1.62795E+12,2606.92,2632.44,2442.32,2509.04,792960.8438,1.62804E+12,1986976146,1701919,379722.8771,951417932.1,0
1.62804E+12,2508.51,2772.71,2457.68,2724.78,954590.7536,1.62812E+12,2498364634,1839302,487804.5135,1277999531,0
1.62812E+12,2724.55,2843.98,2529.91,2826.99,1307720.207,1.62821E+12,3553456267,2690052,667954.4434,1816958299,0
1.62821E+12,2827.01,2946.75,2720.06,2891.58,825399.4864,1.62829E+12,2334160884,1873337,414224.3276,1171841747,0
1.62829E+12,2891.54,3171,2865.5,3160.31,1205277.101,1.62838E+12,3673732670,2318608,626027.3428,1908033758,0
1.62838E+12,3160.48,3189.99,2949.03,3011.85,966349.7058,1.62847E+12,2979960615,1771162,483981.1436,1494356686,0
1.62847E+12,3011.84,3186,2893.23,3160.52,1129584.616,1.62855E+12,3453771928,2114151,561464.3661,1719164996,0
1.62855E+12,3160.51,3233,3051.22,3141.66,880675.7444,1.62864E+12,2763516347,1824522,446954.5225,1403643256,0
1.62864E+12,3141.14,3274,3120.27,3160.5,732546.6043,1.62873E+12,2351996142,1786853,363763.5594,1168247883,0
1.62873E+12,3160.4,3239,2979.29,3045.96,737628.4581,1.62881E+12,2283938415,1587719,349848.6918,1083322209,0
1.62881E+12,3046.11,3327.83,3033.8,3322.32,579333.4032,1.6289E+12,1867199039,1311322,302432.4884,975151109.2,0
1.6289E+12,3322.33,3330.98,3200,3263.16,486102.5379,1.62899E+12,1587713826,1014420,237085.5554,774933248.7,0
1.62899E+12,3263.16,3320,3111.13,3307.09,565579.6777,1.62907E+12,1813755248,1224556,278202.4984,892667696.3,0
1.62907E+12,3307.35,3335,3135.22,3146.53,635667.0542,1.62916E+12,2062860388,1940766,299737.204,973748230,0
1.62916E+12,3147.18,3290,2991.89,3011.72,804996.0697,1.62924E+12,2535149205,1644472,374586.0482,1180969164,0
1.62924E+12,3011.73,3125.81,2950,3014.55,625103.2557,1.62933E+12,1902429363,1093813,312124.667,950560051.1,0
1.62933E+12,3014.18,3188,2958.33,3184.12,634769.9217,1.62942E+12,1931520694,1297759,323213.078,984487319.5,0
1.62942E+12,3184.11,3300,3177.16,3284.82,558127.4554,1.6295E+12,1809283029,1137843,279786.2875,907257350.6,0
1.6295E+12,3284.81,3309.16,3207,3223.43,421156.0908,1.62959E+12,1375973641,777622,211442.3087,691281509.8,0
1.62959E+12,3223.36,3272,3126.42,3238,406479.0765,1.62968E+12,1304347039,803263,200170.9602,642534234.5,0
1.62968E+12,3238,3377.89,3230.02,3321.28,602103.4461,1.62976E+12,2000534992,1520784,307844.2909,1023003561,0
1.62976E+12,3321.28,3357.85,3147.31,3170.62,540480.0785,1.62985E+12,1758604482,984324,255974.7149,833541906.1,0
1.62985E+12,3170.63,3248,3080,3226.87,483697.6944,1.62994E+12,1534476278,1031704,237587.764,754272690.5,0
1.62994E+12,3226.88,3250,3053.3,3093.2,442298.4737,1.63002E+12,1382397989,959232,210645.9104,658517127.7,0
1.63002E+12,3093.06,3280,3060.18,3273.45,451027.8071,1.63011E+12,1434311977,802187,231317.4704,735958225.4,0
1.63011E+12,3273.89,3287,3210.31,3244.48,262360.3492,1.6302E+12,850631439.1,539377,128912.5343,418041843.9,0
1.6302E+12,3244.75,3285,3152.34,3223.47,335806.7827,1.63028E+12,1078681951,661232,168361.7531,541070972.5,0
1.63028E+12,3223.47,3347.95,3143,3229.64,625347.2754,1.63037E+12,2027490192,1228525,317195.9029,1029315993,0
1.63037E+12,3229.14,3476,3188.77,3429.2,863071.1309,1.63045E+12,2895209450,1772849,431197.7502,1446458671,0
1.63045E+12,3429.19,3842,3382.22,3826.82,845759.9587,1.63054E+12,3038498668,2022132,445083.4857,1600713525,0
1.63054E+12,3826.82,3836.8,3717.04,3785.82,525165.7996,1.63063E+12,1981758437,1402190,255406.3611,963939552.3,0
1.63063E+12,3785.82,4027.88,3705.05,3938.11,655903.7574,1.63071E+12,2557662974,1678132,334965.9511,1306320161,0
1.63071E+12,3938.11,3970,3832.5,3885.52,364478.1193,1.6308E+12,1422981232,996623,176186.7034,688072330.2,0
1.6308E+12,3885.61,3980,3830,3950.29,365759.8597,1.63089E+12,1432553302,1083584,187163.4226,733284736.2,0
1.63089E+12,3950.28,3970,3864.3,3926.77,397768.5783,1.63097E+12,1562560096,865160,199177.0547,782756030.9,0
1.63097E+12,3926.67,3947.15,3005,3434.57,1203536.002,1.63106E+12,4298119218,2359100,567117.0826,2025608219,0
1.63106E+12,3434.84,3560,3215.16,3499,780611.7657,1.63115E+12,2665272034,1783652,385803.0214,1318127754,0
1.63115E+12,3499.01,3567.06,3390.4,3424.93,628553.8831,1.63123E+12,2194182935,1147283,313804.0919,1095691059,0
1.63123E+12,3424.94,3514.11,3150,3208.86,633026.2659,1.63132E+12,2107283581,1128069,312620.0773,1041506593,0
1.63132E+12,3208.85,3348.37,3200,3267.21,413524.1761,1.6314E+12,1355587141,833958,207506.7378,680210107.4,0
1.6314E+12,3267.1,3474.16,3231.1,3404.21,408858.9595,1.63149E+12,1379322045,1089138,203397.6282,686413591.5,0
1.63149E+12,3404.3,3430.3,3108.49,3285.35,647855.7199,1.63158E+12,2103663103,1363198,311994.072,1013528553,0
1.63158E+12,3285.09,3437.05,3269.95,3434.37,373634.9026,1.63166E+12,1249733657,894664,187175.3987,626226181.4,0
1.63166E+12,3434.37,3616.16,3357.78,3613.55,428507.5278,1.63175E+12,1486156274,977023,216020.2616,749354190.4,0
1.63175E+12,3613.55,3676.28,3481.14,3567.98,467985.4919,1.63184E+12,1680487713,1081868,231345.773,831073629.5,0
1.63184E+12,3567.97,3594.17,3350.07,3399.81,398888.3705,1.63192E+12,1383268102,867583,195646.9993,678415331,0
1.63192E+12,3399.89,3541.96,3368.88,3435.64,315162.7627,1.63201E+12,1090387917,692204,154824.5614,535810347.5,0
1.63201E+12,3435.64,3456.53,3277.74,3328.62,312948.0013,1.6321E+12,1052980780,687285,151230.7096,509076793.3,0
1.6321E+12,3328.57,3347.82,2913.39,2977.28,917939.5785,1.63218E+12,2834781759,1708278,438137.5022,1353089302,0
1.63218E+12,2977.32,3105.83,2652,2765.9,971519.8894,1.63227E+12,2827179157,1754962,468088.1628,1365275108,0
1.63227E+12,2766.72,3088.88,2737.54,3076.92,677457.6483,1.63236E+12,1993084669,1200519,356419.5252,1049114513,0
1.63236E+12,3076.92,3174.5,3033.85,3152.5,459293.8858,1.63244E+12,1428616218,885568,230448.3995,716904113,0
1.63244E+12,3152.41,3158.52,2733,2928.53,932090.8856,1.63253E+12,2715718192,1607374,447178.1607,1302897206,0
1.63253E+12,2928.22,2967.52,2801.57,2921.73,491974.0226,1.63261E+12,1428143403,934301,245314.6092,712408056.6,0
1.63261E+12,2921.84,3115.51,2738.17,3059.37,703594.478,1.6327E+12,2062409599,1347301,346152.9053,1015957877,0
1.6327E+12,3059.36,3164.94,2922.71,2925.59,510130.7319,1.63279E+12,1564096695,1043885,249913.2903,766484764.1,0
1.63279E+12,2924.76,2970.82,2789,2804.91,511325.4643,1.63287E+12,1477983246,928494,250476.1527,724263328,0
1.63287E+12,2805.15,2950,2782,2850.45,411305.0893,1.63296E+12,1180681056,748804,207837.6036,596539497,0
1.63296E+12,2850.45,3048.42,2837.19,3000.61,506896.7612,1.63305E+12,1514341937,992243,255146.8926,762091704.4,0
1.63305E+12,3000.62,3330,2969.07,3309.91,648714.6151,1.63313E+12,2063112281,1446386,336578.1769,1070284895,0
1.63313E+12,3309.91,3469,3257,3387.76,422551.1811,1.63322E+12,1417055616,1046194,215469.0975,722876150.4,0
1.63322E+12,3387.77,3488,3342.51,3417.73,360586.8905,1.63331E+12,1231536168,816339,183173.9282,625701692,0
1.63331E+12,3417.73,3437.19,3270,3386.31,485204.642,1.63339E+12,1631562262,1090407,234726.4574,789540744.9,0
1.63339E+12,3386.31,3545,3363.78,3515.27,393900.8818,1.63348E+12,1355905890,1025512,198949.7787,684720843.6,0
1.63348E+12,3515.48,3632.11,3342,3574.89,618265.5402,1.63356E+12,2172519697,1444856,309931.1456,1089939305,0
1.63356E+12,3574.88,3653.98,3470.8,3587.47,486102.3591,1.63365E+12,1736906584,1252503,243095.0309,868883834.3,0
1.63365E+12,3587.47,3695,3532,3563.13,403597.1437,1.63374E+12,1455713871,1084792,199496.5173,719958342,0
1.63374E+12,3563.13,3635,3538.07,3574.82,361906.7514,1.63382E+12,1299757023,1175683,181998.6895,653707840.8,0
1.63382E+12,3574.83,3604,3405,3414.22,580223.6302,1.63391E+12,2049128230,1765439,283364.0936,1001342448,0
1.63391E+12,3414.22,3623.8,3371,3542.12,493521.882,1.634E+12,1743391084,1110340,241854.8172,853789828.8,0
1.634E+12,3542.12,3547.11,3403.21,3491.46,409377.1918,1.63408E+12,1425455761,925699,201641.4148,702321739.2,0
1.63408E+12,3491.43,3613,3412.7,3607.42,393463.1222,1.63417E+12,1376610270,902525,201681.7182,706082588.7,0
1.63417E+12,3607.41,3824,3586.04,3790.82,481894.1473,1.63426E+12,1792792933,1430307,251733.9105,936783652.9,0
1.63426E+12,3790.82,3907.77,3734.1,3868.99,504321.732,1.63434E+12,1924965954,1399937,254168.4935,970514136.6,0
1.63434E+12,3868.38,3971,3803.56,3829.96,373727.8549,1.63443E+12,1452752901,1037769,187096.1122,727596178.5,0
1.63443E+12,3829.96,3919.19,3640,3846.85,368898.9831,1.63452E+12,1406207659,1025324,178427.9421,680830276.5,0
1.63452E+12,3847,3893.14,3676,3744.96,401819.9734,1.6346E+12,1520728621,994548,195898.4727,741595496.9,0
1.6346E+12,3744.96,3886.89,3732,3877.03,341268.3723,1.63469E+12,1300066270,925015,174324.5608,664357630,0
1.63469E+12,3876.98,4169,3828.05,4161.15,537383.0973,1.63477E+12,2149449047,1766454,279381.9944,1118325110,0
1.63477E+12,4161.37,4375,4013.13,4052.99,798566.5581,1.63486E+12,3335123441,2380751,404846.9768,1692164863,0
1.63486E+12,4053,4167.41,3888,3972.2,463222.5428,1.63495E+12,1872218698,1133846,222124.1917,898314133.6,0
1.63495E+12,3972.19,4172,3937.51,4167.12,326576.9601,1.63503E+12,1323345506,940891,168280.0749,682461303,0
1.63503E+12,4167.13,4186.57,3961.5,4082.33,350115.8386,1.63512E+12,1421627004,917969,173779.212,705808722.8,0
1.63512E+12,4082.33,4236,4067.71,4220.37,347438.6534,1.63521E+12,1445430079,939963,173328.5306,721155504.8,0
1.63521E+12,4220.36,4297,4090.21,4131.52,414498.1599,1.63529E+12,1739912498,1285913,205853.0689,864564656.7,0
1.63529E+12,4131.52,4307,3909,3922,704604.25,1.63538E+12,2874313313,1872190,342946.2522,1399582259,0
1.63538E+12,3921.99,4295,3890.17,4286.02,626378.5055,1.63547E+12,2587268364,1711575,331721.6797,1370287598,0
1.63547E+12,4286.01,4460.47,4265.97,4418.89,559231.0769,1.63555E+12,2440933126,1799386,299827.5777,1309028739,0
1.63555E+12,4418.89,4434.06,4232.2,4322.68,340223.069,1.63564E+12,1469664812,1035476,164985.5425,712725589.4,0
1.63564E+12,4322.68,4399.14,4164.35,4287.21,412856.2893,1.63572E+12,1764886608,1303438,207029.193,885572414.3,0
1.63572E+12,4287.48,4386.58,4146.3,4319.43,417620.7073,1.63581E+12,1794319887,1134036,208433.9365,895858147,0
1.63581E+12,4319.43,4599.6,4284.43,4589.89,468184.793,1.6359E+12,2083371520,1657233,245450.7112,1092310373,0
1.6359E+12,4589.68,4665.87,4455,4603.35,448658.3513,1.63598E+12,2051737308,1580640,221693.7903,1014198753,0
1.63598E+12,4603.35,4606.65,4420.08,4532.32,368218.257,1.63607E+12,1663942874,1019675,180789.4819,817221755.7,0
1.63607E+12,4532.31,4570.05,4438.8,4474.24,305651.7244,1.63616E+12,1375503505,893068,152155.8565,684734029.8,0
1.63616E+12,4474.24,4530,4326.17,4518,322154.0973,1.63624E+12,1429791261,868676,162175.6278,720042764.5,0
1.63624E+12,4518,4637.98,4502.37,4612.59,243596.5952,1.63633E+12,1115635571,834745,124167.1925,568809173.9,0
1.63633E+12,4612.59,4822.97,4612,4807.98,391102.3181,1.63642E+12,1850800840,1344244,202324.4953,957541306.2,0
1.63642E+12,4807.98,4838.28,4713.89,4732.33,311267.58,1.6365E+12,1489567266,995668,147968.4759,708147066.6,0
1.6365E+12,4732.33,4868,4461.93,4628.78,553596.9916,1.63659E+12,2600175501,1492374,270065.1822,1268630240,0
1.63659E+12,4628.68,4779,4576.47,4719,303688.9765,1.63668E+12,1425610199,909164,157894.3577,741000169.6,0
1.63668E+12,4719,4809.71,4507.85,4665.46,461580.0415,1.63676E+12,2146130117,1206412,233963.1159,1088185089,0
1.63676E+12,4665.47,4707.6,4584.08,4644.28,220720.6611,1.63685E+12,1026142452,731125,118424.284,550635027.2,0
1.63685E+12,4644.27,4696.05,4514.12,4626.5,245309.0674,1.63693E+12,1126786539,623491,122672.4061,563409641.2,0
1.63693E+12,4626.5,4772.01,4540,4563.78,375421.6601,1.63702E+12,1752738876,1061676,193844.8631,905084671.5,0
1.63702E+12,4563.77,4563.77,4103,4209.76,735857.063,1.63711E+12,3163788841,1741259,354749.4963,1525045237,0
1.63711E+12,4209.59,4299.91,4063.48,4287.8,472852.1842,1.63719E+12,1980248928,1146593,230168.3863,964335338.2,0
1.63719E+12,4288.07,4344.81,3956.44,3996.9,576945.1837,1.63728E+12,2387588165,1319866,271503.5573,1123646213,0
1.63728E+12,3996.9,4308.97,3973.01,4294.76,420045.0897,1.63737E+12,1740904041,984517,220791.4006,915311333.2,0
1.63737E+12,4294.75,4435.88,4199.86,4412.17,365584.578,1.63745E+12,1577172914,888090,184875.7626,797947406.8,0
1.63745E+12,4412.17,4451,4242.41,4258.31,340206.3203,1.63754E+12,1479842946,836925,163875.6246,712849743,0
1.63754E+12,4259.7,4320,4022.74,4085.97,518501.3338,1.63763E+12,2167112892,1162581,252693.2206,1055865143,0
1.63763E+12,4086.28,4385.59,4059.62,4339.44,502811.7902,1.63771E+12,2125825553,1098270,257182.2577,1087600937,0
1.63771E+12,4339.45,4373.94,4167.65,4269.36,448727.0306,1.6378E+12,1913428105,990018,224088.2362,955466127.6,0
1.6378E+12,4270.1,4550,4248.27,4524.85,445868.2434,1.63788E+12,1962939107,1123629,231824.3193,1020486294,0
1.63788E+12,4524.48,4551,3913,4041.2,720245.1612,1.63797E+12,2994490664,1654553,348872.8661,1449711434,0
1.63797E+12,4041.2,4183.66,4028.34,4095.29,275326.5202,1.63806E+12,1133169071,723831,136157.3482,560538419.1,0
1.63806E+12,4095.29,4298.51,3964,4294.78,346471.3551,1.63814E+12,1421536000,842343,174386.8187,716242629.2,0
1.63814E+12,4294.77,4458.92,4276.89,4444.53,406881.2284,1.63823E+12,1772611136,947503,197615.3669,861297710.1,0
1.63823E+12,4444.54,4753,4346.36,4630.26,743024.4662,1.63832E+12,3391424543,1808789,382798.4648,1747000995,0
1.63832E+12,4630.25,4778.75,4523.99,4582.95,508198.3105,1.6384E+12,2382156067,1367302,246310.7878,1154670707,0
1.6384E+12,4582.95,4634.83,4433,4511.21,451861.9545,1.63849E+12,2047468327,1062149,226209.1863,1025021244,0
1.63849E+12,4511.35,4654.88,4032.5,4215.73,677974.8659,1.63858E+12,2972156868,1516700,333149.3796,1461878585,0
1.63858E+12,4215.01,4238.59,3503.68,4117.25,1111773.145,1.63866E+12,4370074805,2264288,530635.0464,2087295412,0
1.63866E+12,4117.25,4248.19,4031.39,4196.44,536325.4413,1.63875E+12,2224220852,1088546,267574.1867,1110245050,0
1.63875E+12,4196.44,4376.15,3921,4347.59,726742.9638,1.63884E+12,2991267299,1447061,359456.3673,1481368763,0
1.63884E+12,4347.57,4425,4255.92,4306.4,420749.751,1.63892E+12,1830621575,986492,209138.1349,910268147.8,0
1.63892E+12,4306.4,4450.49,4222.95,4436.91,429403.9351,1.63901E+12,1868281438,991178,218029.7487,949111222.9,0
1.63901E+12,4436.91,4488,4076.16,4105.64,462173.711,1.63909E+12,1970732613,1038790,220095.1564,939705730.5,0
1.63909E+12,4105.64,4231.08,3887.37,3897.94,563236.5671,1.63918E+12,2287155262,1098758,275875.2948,1121490842,0
1.63918E+12,3898.31,4097.08,3828.22,4089.37,427853.4343,1.63927E+12,1711893272,831899,219400.0965,877920201,0
1.63927E+12,4089.68,4173.63,3986.25,4130,260535.5157,1.63935E+12,1061361793,591319,132750.983,540996287.6,0
1.63935E+12,4130,4142.75,3671.45,3781.93,533467.2307,1.63944E+12,2068534030,1144882,254674.9584,987547550.4,0
1.63944E+12,3781.92,3882.74,3685,3858.99,395145.7462,1.63953E+12,1499985095,915721,201941.9271,767055531.3,0
1.63953E+12,3858.99,4092.22,3643.73,4019.08,542068.0573,1.63961E+12,2102151850,1238234,279106.549,1083422762,0
1.63961E+12,4019.54,4113.43,3942.11,3958.11,368780.031,1.6397E+12,1489983162,848885,183514.6827,741663724.9,0
1.6397E+12,3959.11,3994.1,3700,3875.42,463370.9225,1.63979E+12,1789265513,1052871,229084.7318,885680674,0
1.63979E+12,3875.43,3996.93,3767.01,3959.93,339593.2543,1.63987E+12,1326617546,740899,169241.7877,661219380.1,0
1.63987E+12,3959.93,4032.43,3884,3924.14,306006.323,1.63996E+12,1208752534,688078,155815.0605,615474823.4,0
1.63996E+12,3924.14,3983.37,3753,3944.73,366916.4771,1.64004E+12,1416566981,844070,174604.9108,674073059.6,0
1.64004E+12,3944.72,4063,3913.21,4014.15,340826.3553,1.64013E+12,1364232642,799127,166855.9599,668028914.6,0
1.64013E+12,4014.41,4074.87,3933.4,3979.51,303191.8076,1.64022E+12,1215914917,675826,145269.3136,582537202.3,0
1.64022E+12,3979.51,4150,3893.23,4111.41,380207.8166,1.6403E+12,1525274497,911905,194409.2359,780346994.9,0
1.6403E+12,4111.41,4134.84,4017.17,4046.36,230741.8072,1.64039E+12,943327277.4,593257,108747.5645,444728065.1,0
1.64039E+12,4046.35,4137.91,4018.62,4094.83,208126.8805,1.64048E+12,846912042.1,515115,100652.6926,409702072.9,0
1.64048E+12,4094.36,4105,4000,4063.56,189309.255,1.64056E+12,767315615.3,496076,88120.2395,357288552.8,0
1.64056E+12,4063.57,4127.46,4031,4037.23,222202.1383,1.64065E+12,905588409.9,557284,105486.8778,430055120.4,0
1.64065E+12,4037.22,4037.23,3759.36,3792.75,358064.7163,1.64074E+12,1393962042,846780,163464.6181,636073474.3,0
1.64074E+12,3792.75,3827.78,3604.2,3630.19,302753.6375,1.64082E+12,1136202240,719559,138893.5886,521509292.2,0
1.64082E+12,3630.18,3769.1,3585,3709.27,249263.7305,1.64091E+12,921537785.4,583361,125440.9911,463883545.3,0
1.64091E+12,3709.27,3815,3622.29,3676.23,268014.2942,1.641E+12,1001765030,617370,131438.1771,491454123.8,0
